"","x"
"Andorra",20
"Argentina",32
"Australia",36
"Bangladesh",50
"Armenia",51
"Bolivia",68
"Brazil",76
"Myanmar",104
"Canada",124
"Chile",152
"China",156
"Taiwan ROC",158
"Colombia",170
"Cyprus",196
"Czechia",203
"Ecuador",218
"Ethiopia",231
"Germany",276
"Greece",300
"Guatemala",320
"Hong Kong SAR",344
"Indonesia",360
"Iran",364
"Iraq",368
"Japan",392
"Kazakhstan",398
"Jordan",400
"Kenya",404
"South Korea",410
"Kyrgyzstan",417
"Lebanon",422
"Libya",434
"Macau SAR",446
"Malaysia",458
"Maldives",462
"Mexico",484
"Mongolia",496
"Morocco",504
"Netherlands",528
"New Zealand",554
"Nicaragua",558
"Nigeria",566
"Pakistan",586
"Peru",604
"Philippines",608
"Puerto Rico",630
"Romania",642
"Russia",643
"Serbia",688
"Singapore",702
"Slovakia",703
"Vietnam",704
"Zimbabwe",716
"Tajikistan",762
"Thailand",764
"Tunisia",788
"Turkey",792
"Ukraine",804
"Egypt",818
"Great Britain",826
"United States",840
"Uruguay",858
"Venezuela",862
"Northern Ireland",909
