id,name,sort_name,email,twitter,facebook,group,group_id,area_id,area,chamber,term,start_date,end_date,image,gender,wikidata,wikidata_group,wikidata_area
3a693497-a392-4364-9a2f-2a2baf5dbb5c,Amy Klobuchar,"Klobuchar, Amy",,SenAmyKlobuchar,,Democrat,democrat,ocd-division/country:us/state:mn,Minnesota,Senate,110,,,https://theunitedstates.io/images/congress/original/K000367.jpg,female,Q22237,Q29552,Q1527
51cc9767-e66c-44a0-9787-7f3a1c3d068d,Arlen Specter,"Specter, Arlen",,,,Democrat,democrat,ocd-division/country:us/state:pa,Pennsylvania,Senate,110,,,https://theunitedstates.io/images/congress/original/S000709.jpg,male,Q363055,Q29552,Q1400
de09bde1-80a2-48ee-b03a-76ca71a0bb0d,Barack Obama,"Obama, Barack",,BarackObama,barackobama,Democrat,democrat,ocd-division/country:us/state:il,Illinois,Senate,110,,2008-11-16,https://theunitedstates.io/images/congress/original/O000167.jpg,male,Q76,Q29552,Q1204
3d89c619-69d4-4d2e-a130-13eadbbc1452,Barbara A. Mikulski,"Mikulski, Barbara",,SenatorBarb,SenatorMikulski,Democrat,democrat,ocd-division/country:us/state:md,Maryland,Senate,110,,,https://theunitedstates.io/images/congress/original/M000702.jpg,female,Q261147,Q29552,Q1391
2d872983-7aa9-4f67-82bc-39098aa50d4d,Barbara Boxer,"Boxer, Barbara",,SenatorBoxer,senatorboxer,Democrat,democrat,ocd-division/country:us/state:ca,California,Senate,110,,,https://theunitedstates.io/images/congress/original/B000711.jpg,female,Q237560,Q29552,Q99
e00ba2f5-68ad-4986-8579-a436a241ce8b,Ben Nelson,"Nelson, Ben",,,,Democrat,democrat,ocd-division/country:us/state:ne,Nebraska,Senate,110,,,https://theunitedstates.io/images/congress/original/N000180.jpg,male,Q718542,Q29552,Q1553
211e6af3-3bde-44d7-83d0-d5d661d7ba26,Benjamin L. Cardin,"Cardin, Benjamin",,SenatorCardin,senatorbencardin,Democrat,democrat,ocd-division/country:us/state:md,Maryland,Senate,110,,,https://theunitedstates.io/images/congress/original/C000141.jpg,male,Q723295,Q29552,Q1391
be2c04a8-a31f-4860-b8c9-de90112bdf01,Bernard Sanders,"Sanders, Bernard",,SenSanders,senatorsanders,Independent,independent,ocd-division/country:us/state:vt,Vermont,Senate,110,,,https://theunitedstates.io/images/congress/original/S000033.jpg,male,Q359442,Q327591,Q16551
460e722d-e6bd-4a1f-8fbe-aef53ab0145a,Bill Nelson,"Nelson, Bill",,SenBillNelson,,Democrat,democrat,ocd-division/country:us/state:fl,Florida,Senate,110,,,https://theunitedstates.io/images/congress/original/N000032.jpg,male,Q358437,Q29552,Q812
a1b3c251-e302-4987-b319-ccdc49cdfd39,Blanche Lincoln,"Lincoln, Blanche",,,,Democrat,democrat,ocd-division/country:us/state:ar,Arkansas,Senate,110,,,https://theunitedstates.io/images/congress/original/L000035.jpg,female,Q237681,Q29552,Q1612
e4a39b45-1d1a-479d-ae89-4c81a7fb160b,Bob Corker,"Corker, Bob",,SenBobCorker,bobcorker,Republican,republican,ocd-division/country:us/state:tn,Tennessee,Senate,110,,,https://theunitedstates.io/images/congress/original/C001071.jpg,male,Q331719,Q29468,Q1509
78984ec3-b3e1-4035-8a96-403b9c49e10a,Byron Dorgan,"Dorgan, Byron",,,,Democrat,democrat,ocd-division/country:us/state:nd,North Dakota,Senate,110,,,https://theunitedstates.io/images/congress/original/D000432.jpg,male,Q555735,Q29552,Q1207
dc2b0f95-6c1c-475b-b70d-05332fce060c,Carl Levin,"Levin, Carl",,,,Democrat,democrat,ocd-division/country:us/state:mi,Michigan,Senate,110,,,https://theunitedstates.io/images/congress/original/L000261.jpg,male,Q444652,Q29552,Q1166
60ae8ebc-b581-44ee-91d7-47e5822d1858,Charles E. Schumer,"Schumer, Charles",,SenSchumer,senschumer,Democrat,democrat,ocd-division/country:us/state:ny,New York,Senate,110,,,https://theunitedstates.io/images/congress/original/S000148.jpg,male,Q380900,Q29552,Q1384
db2b9dab-bfab-49cd-9699-217d23a7f2e5,Christopher Dodd,"Dodd, Christopher",,SenChrisDodd,,Democrat,democrat,ocd-division/country:us/state:ct,Connecticut,Senate,110,,,https://theunitedstates.io/images/congress/original/D000388.jpg,male,Q319111,Q29552,Q779
0629dcb1-352f-4028-9c36-f162cf6d98bd,Chuck Grassley,"Grassley, Charles",,ChuckGrassley,grassley,Republican,republican,ocd-division/country:us/state:ia,Iowa,Senate,110,,,https://theunitedstates.io/images/congress/original/G000386.jpg,male,Q529294,Q29468,Q1546
880ac811-b00d-46d7-9e52-757271bbe1a9,Chuck Hagel,"Hagel, Charles",,,,Republican,republican,ocd-division/country:us/state:ne,Nebraska,Senate,110,,,https://theunitedstates.io/images/congress/original/H001028.jpg,male,Q381670,Q29468,Q1553
d6f0d765-97ae-460c-b186-dbc6ab976d25,Claire McCaskill,"McCaskill, Claire",,McCaskillOffice,senatormccaskill,Democrat,democrat,ocd-division/country:us/state:mo,Missouri,Senate,110,,,https://theunitedstates.io/images/congress/original/M001170.jpg,female,Q22260,Q29552,Q1581
28b0afb1-35f7-4473-9d97-5ca919f4ed52,Craig Thomas,"Thomas, Craig",,,,Republican,republican,ocd-division/country:us/state:wy,Wyoming,Senate,110,,2007-06-04,https://theunitedstates.io/images/congress/original/T000162.jpg,male,Q1138576,Q29468,Q1214
54930735-859d-4165-aa33-14795592e219,Daniel K. Akaka,"Akaka, Daniel",,,,Democrat,democrat,ocd-division/country:us/state:hi,Hawaii,Senate,110,,,https://theunitedstates.io/images/congress/original/A000069.jpg,male,Q359366,Q29552,Q782
0d69087e-f098-460b-9232-ec8f9448b8ef,Daniel K. Inouye,"Inouye, Daniel",,,,Democrat,democrat,ocd-division/country:us/state:hi,Hawaii,Senate,110,,,https://theunitedstates.io/images/congress/original/I000025.jpg,male,Q312845,Q29552,Q782
82a99ecc-56a4-43f7-9248-d376a5f18a24,David Vitter,"Vitter, David",,,,Republican,republican,ocd-division/country:us/state:la,Louisiana,Senate,110,,,https://theunitedstates.io/images/congress/original/V000127.jpg,male,Q519780,Q29468,Q1588
bcffa780-e0b1-4a9c-b6fc-7362e8bb6a98,Debbie Stabenow,"Stabenow, Debbie",,SenStabenow,SenatorStabenow,Democrat,democrat,ocd-division/country:us/state:mi,Michigan,Senate,110,,,https://theunitedstates.io/images/congress/original/S000770.jpg,female,Q241092,Q29552,Q1166
a37bc380-4490-4012-bc6a-6c617b6845e4,Dianne Feinstein,"Feinstein, Dianne",,SenFeinstein,senatorfeinstein,Democrat,democrat,ocd-division/country:us/state:ca,California,Senate,110,,,https://theunitedstates.io/images/congress/original/F000062.jpg,female,Q230733,Q29552,Q99
f8ecb342-6ebd-4f95-814e-8fe1e586814a,Elizabeth Dole,"Dole, Elizabeth",,,,Republican,republican,ocd-division/country:us/state:nc,North Carolina,Senate,110,,,https://theunitedstates.io/images/congress/original/D000601.jpg,female,Q239571,Q29468,Q1454
1e98203a-d09f-414b-8c97-3e64e345093b,Evan Bayh,"Bayh, Evan",,,,Democrat,democrat,ocd-division/country:us/state:in,Indiana,Senate,110,,,https://theunitedstates.io/images/congress/original/B001233.jpg,male,Q344930,Q29552,Q1415
31d9536f-3335-4672-a204-6022fcf69898,Frank R. Lautenberg,"Lautenberg, Frank",,,,Democrat,democrat,ocd-division/country:us/state:nj,New Jersey,Senate,110,,,https://theunitedstates.io/images/congress/original/L000123.jpg,male,Q508752,Q29552,Q1408
16cec705-b36a-4ef8-95df-77f6268f0713,George Voinovich,"Voinovich, George",,,,Republican,republican,ocd-division/country:us/state:oh,Ohio,Senate,110,,,https://theunitedstates.io/images/congress/original/V000126.jpg,male,Q529873,Q29468,Q1397
d821d229-3948-4172-bf84-d5cd3766405b,Gordon Smith,"Smith, Gordon",,,,Republican,republican,ocd-division/country:us/state:or,Oregon,Senate,110,,,https://theunitedstates.io/images/congress/original/S001142.jpg,male,Q607069,Q29468,Q824
ffbbfde4-bd1e-45fb-bc4d-1f47163d4295,Harry Reid,"Reid, Harry",,SenatorReid,SenatorReid,Democrat,democrat,ocd-division/country:us/state:nv,Nevada,Senate,110,,,https://theunitedstates.io/images/congress/original/R000146.jpg,male,Q314459,Q29552,Q1227
cdef9716-ed50-4848-b21a-317da0d3a3ff,Herb Kohl,"Kohl, Herbert",,,,Democrat,democrat,ocd-division/country:us/state:wi,Wisconsin,Senate,110,,,https://theunitedstates.io/images/congress/original/K000305.jpg,male,Q560447,Q29552,Q1537
58e1e2e3-e958-4e75-b950-ff34fd8fe8aa,Hillary Clinton,"Clinton, Hillary",,HillaryClinton,hillaryclinton,Democrat,democrat,ocd-division/country:us/state:ny,New York,Senate,110,,,https://theunitedstates.io/images/congress/original/C001041.jpg,female,Q6294,Q29552,Q1384
5888412d-2ce1-496a-a485-e8bb6373ee12,Jack Reed,"Reed, John",,SenJackReed,SenJackReed,Democrat,democrat,ocd-division/country:us/state:ri,Rhode Island,Senate,110,,,https://theunitedstates.io/images/congress/original/R000122.jpg,male,Q528979,Q29552,Q1387
81205eb2-7fbf-4c1e-9389-fd60182edb36,James M. Inhofe,"Inhofe, James",,InhofePress,jiminhofe,Republican,republican,ocd-division/country:us/state:ok,Oklahoma,Senate,110,,,https://theunitedstates.io/images/congress/original/I000024.jpg,male,Q723134,Q29468,Q1649
595bf9c2-8863-4ee1-bae3-7ee69c22a2ee,Jeff Bingaman,"Bingaman, Jeff",,,,Democrat,democrat,ocd-division/country:us/state:nm,New Mexico,Senate,110,,,https://theunitedstates.io/images/congress/original/B000468.jpg,male,Q705498,Q29552,Q1522
2fdbbff7-046c-43b5-9cfc-801f15a3b8bf,Jeff Sessions,"Sessions, Jefferson",,SenatorSessions,jeffsessions,Republican,republican,ocd-division/country:us/state:al,Alabama,Senate,110,,,https://theunitedstates.io/images/congress/original/S001141.jpg,male,Q358443,Q29468,Q173
3105fdf8-3fc3-40c8-89cf-53700865d426,Jim Bunning,"Bunning, Jim",,,,Republican,republican,ocd-division/country:us/state:ky,Kentucky,Senate,110,,,https://theunitedstates.io/images/congress/original/B001066.jpg,male,Q918265,Q29468,Q1603
d227bb5c-0f5d-47fa-892d-a4b59b54f329,Jim DeMint,"DeMint, Jim",,JimDeMint,,Republican,republican,ocd-division/country:us/state:sc,South Carolina,Senate,110,,,https://theunitedstates.io/images/congress/original/D000595.jpg,male,Q22201,Q29468,Q1456
dd2dd8ff-e6b2-42f5-a962-e0eeeec2b6c9,Jim Webb,"Webb, Jim",,jimwebbusa,IHeardMyCountryCalling,Democrat,democrat,ocd-division/country:us/state:va,Virginia,Senate,110,,,https://theunitedstates.io/images/congress/original/W000803.jpg,male,Q532279,Q29552,Q1370
40bd653f-fc86-4ed1-88fe-4950ff9ba8c4,John Barrasso,"Barrasso, John",,SenJohnBarrasso,johnbarrasso,Republican,republican,ocd-division/country:us/state:wy,Wyoming,Senate,110,2007-06-25,,https://theunitedstates.io/images/congress/original/B001261.jpg,male,Q720521,Q29468,Q1214
66f7cd3c-55ce-4891-b500-23cf2ab645e4,John Cornyn,"Cornyn, John",,JohnCornyn,sen.johncornyn,Republican,republican,ocd-division/country:us/state:tx,Texas,Senate,110,,,https://theunitedstates.io/images/congress/original/C001056.jpg,male,Q719568,Q29468,Q1439
2f165168-e1fc-4275-9fe8-6a2bcaf14c5f,"John D. Rockefeller, IV","Rockefeller, John",,,,Democrat,democrat,ocd-division/country:us/state:wv,West Virginia,Senate,110,,,https://theunitedstates.io/images/congress/original/R000361.jpg,male,Q285102,Q29552,Q1371
cc996fcc-5dc7-4faf-801f-382655f8bf78,John Ensign,"Ensign, John",,,,Republican,republican,ocd-division/country:us/state:nv,Nevada,Senate,110,,,https://theunitedstates.io/images/congress/original/E000194.jpg,male,Q529372,Q29468,Q1227
e6d1ede4-fe76-4b96-b912-abd27ae4dbd7,John F. Kerry,"Kerry, John",,JohnKerry,,Democrat,democrat,ocd-division/country:us/state:ma,Massachusetts,Senate,110,,,https://theunitedstates.io/images/congress/original/K000148.jpg,male,Q22316,Q29552,Q771
96324d91-c6e4-401a-b43e-a526dabe40a8,John McCain,"McCain, John",,SenJohnMcCain,johnmccain,Republican,republican,ocd-division/country:us/state:az,Arizona,Senate,110,,,https://theunitedstates.io/images/congress/original/M000303.jpg,male,Q10390,Q29468,Q816
66cfd5c8-60ef-4924-95e6-fa6c6c8ee88f,John Sununu,"Sununu, John",,,,Republican,republican,ocd-division/country:us/state:nh,New Hampshire,Senate,110,,,https://theunitedstates.io/images/congress/original/S001078.jpg,male,Q1699908,Q29468,Q759
78c74815-5d54-4e9d-b962-372954131087,John Thune,"Thune, John",,SenJohnThune,johnthune,Republican,republican,ocd-division/country:us/state:sd,South Dakota,Senate,110,,,https://theunitedstates.io/images/congress/original/T000250.jpg,male,Q462981,Q29468,Q1211
f38c8878-2ec6-4fb5-a67a-538d1a36a384,John Warner,"Warner, John",,,,Republican,republican,ocd-division/country:us/state:va,Virginia,Senate,110,,,https://theunitedstates.io/images/congress/original/W000154.jpg,male,Q464810,Q29468,Q1370
b0dde5ba-e9d6-4ea9-9e2c-876a4d8edc01,Johnny Isakson,"Isakson, John",,SenatorIsakson,,Republican,republican,ocd-division/country:us/state:ga,Georgia,Senate,110,,,https://theunitedstates.io/images/congress/original/I000055.jpg,male,Q130024,Q29468,Q1428
5ca3f081-5699-4827-bc3a-a74e02d0cea0,Jon Kyl,"Kyl, Jon",,,,Republican,republican,ocd-division/country:us/state:az,Arizona,Senate,110,,,https://theunitedstates.io/images/congress/original/K000352.jpg,male,Q371031,Q29468,Q816
10ec1319-9205-4161-884e-8dd08cadac74,Jon Tester,"Tester, Jon",,SenatorTester,senatortester,Democrat,democrat,ocd-division/country:us/state:mt,Montana,Senate,110,,,https://theunitedstates.io/images/congress/original/T000464.jpg,male,Q529351,Q29552,Q1212
64239edf-8e06-4d2d-acc0-33d96bc79774,"Joseph Biden, Jr.","Biden, Joseph",,joebiden,joebiden,Democrat,democrat,ocd-division/country:us/state:de,Delaware,Senate,110,,,https://theunitedstates.io/images/congress/original/B000444.jpg,male,Q6279,Q29552,Q1393
ca28a62e-aff0-4040-94c7-7be1bf19aed3,Joseph I. Lieberman,"Lieberman, Joseph",,,,Independent,independent,ocd-division/country:us/state:ct,Connecticut,Senate,110,,,https://theunitedstates.io/images/congress/original/L000304.jpg,male,Q160157,Q327591,Q779
835f8433-e2a4-401e-a433-68a3df972d5e,Judd Gregg,"Gregg, Judd",,,,Republican,republican,ocd-division/country:us/state:nh,New Hampshire,Senate,110,,,https://theunitedstates.io/images/congress/original/G000445.jpg,male,Q553116,Q29468,Q759
3a5390d1-1d2b-4494-b29e-d063e9e2c787,Kay Bailey Hutchison,"Hutchison, Kay",,,,Republican,republican,ocd-division/country:us/state:tx,Texas,Senate,110,,,https://theunitedstates.io/images/congress/original/H001016.jpg,female,Q239928,Q29468,Q1439
6db49606-bbd7-40cd-9614-9b73b65967f5,Ken Salazar,"Salazar, Ken",,kensalazar,SecretarySalazar,Democrat,democrat,ocd-division/country:us/state:co,Colorado,Senate,110,,,https://theunitedstates.io/images/congress/original/S001163.jpg,male,Q342586,Q29552,Q1261
4699c442-cf8b-4346-ab45-6fdd36cb282b,Kent Conrad,"Conrad, Kent",,,,Democrat,democrat,ocd-division/country:us/state:nd,North Dakota,Senate,110,,,https://theunitedstates.io/images/congress/original/C000705.jpg,male,Q553349,Q29552,Q1207
c0cb7058-e8f0-413a-8606-0a4151f93c80,Kit Bond,"Bond, Christopher",,,,Republican,republican,ocd-division/country:us/state:mo,Missouri,Senate,110,,,https://theunitedstates.io/images/congress/original/B000611.jpg,male,Q560427,Q29468,Q1581
24ea1bbe-c595-4da4-b9e1-483294d49b67,Lamar Alexander,"Alexander, Lamar",,SenAlexander,senatorlamaralexander,Republican,republican,ocd-division/country:us/state:tn,Tennessee,Senate,110,,,https://theunitedstates.io/images/congress/original/A000360.jpg,male,Q419976,Q29468,Q1509
070d4b8f-33c6-47e4-a7d1-514f30f755cc,Larry Craig,"Craig, Larry",,,,Republican,republican,ocd-division/country:us/state:id,Idaho,Senate,110,,,https://theunitedstates.io/images/congress/original/C000858.jpg,male,Q371025,Q29468,Q1221
c5551db4-c26c-4dc8-94ee-c9172a79a864,Lindsey Graham,"Graham, Lindsey",,GrahamBlog,USSenatorLindseyGraham,Republican,republican,ocd-division/country:us/state:sc,South Carolina,Senate,110,,,https://theunitedstates.io/images/congress/original/G000359.jpg,male,Q22212,Q29468,Q1456
d2acb787-73ea-472e-9817-9c22cdfd894c,Lisa Murkowski,"Murkowski, Lisa",,LisaMurkowski,SenLisaMurkowski,Republican,republican,ocd-division/country:us/state:ak,Alaska,Senate,110,,,https://theunitedstates.io/images/congress/original/M001153.jpg,female,Q22360,Q29468,Q797
0145d3ca-8f4d-4e24-a5d6-34df24ee3f16,Maria Cantwell,"Cantwell, Maria",,SenatorCantwell,senatorcantwell,Democrat,democrat,ocd-division/country:us/state:wa,Washington,Senate,110,,,https://theunitedstates.io/images/congress/original/C000127.jpg,female,Q22250,Q29552,Q1223
e4471cfd-4eab-48c4-baee-9248dc0d7dcb,Mark L. Pryor,"Pryor, Mark",,,,Democrat,democrat,ocd-division/country:us/state:ar,Arkansas,Senate,110,,,https://theunitedstates.io/images/congress/original/P000590.jpg,male,Q470755,Q29552,Q1612
08648a3e-172d-4b0a-b3f9-3ab96c135a1d,Mary L. Landrieu,"Landrieu, Mary",,,,Democrat,democrat,ocd-division/country:us/state:la,Louisiana,Senate,110,,,https://theunitedstates.io/images/congress/original/L000550.jpg,female,Q22338,Q29552,Q1588
736931aa-5247-4dab-b28f-2aa93fb6f5e1,Max Baucus,"Baucus, Max",,,,Democrat,democrat,ocd-division/country:us/state:mt,Montana,Senate,110,,,https://theunitedstates.io/images/congress/original/B000243.jpg,male,Q470748,Q29552,Q1212
a9a9a086-248c-418e-b364-674a08a2477f,Mel Martinez,"Martinez, Mel",,,,Republican,republican,ocd-division/country:us/state:fl,Florida,Senate,110,,,https://theunitedstates.io/images/congress/original/M001162.jpg,male,Q435010,Q29468,Q812
b774e2f1-80ec-47ba-b2b8-403508d57854,Michael B. Enzi,"Enzi, Michael",,SenatorEnzi,mikeenzi,Republican,republican,ocd-division/country:us/state:wy,Wyoming,Senate,110,,,https://theunitedstates.io/images/congress/original/E000285.jpg,male,Q432431,Q29468,Q1214
94734d28-86bb-4f6b-afb9-93988473ea9f,Mike Crapo,"Crapo, Michael",,MikeCrapo,mikecrapo,Republican,republican,ocd-division/country:us/state:id,Idaho,Senate,110,,,https://theunitedstates.io/images/congress/original/C000880.jpg,male,Q734319,Q29468,Q1221
f9048135-fc31-47ac-bce7-4239585e7edf,Mitch McConnell,"McConnell, Mitch",,McConnellPress,mitchmcconnell,Republican,republican,ocd-division/country:us/state:ky,Kentucky,Senate,110,,,https://theunitedstates.io/images/congress/original/M000355.jpg,male,Q355522,Q29468,Q1603
ab588454-3646-4749-a4f9-c6b329b743ce,Norm Coleman,"Coleman, Norm",,,,Republican,republican,ocd-division/country:us/state:mn,Minnesota,Senate,110,,,https://theunitedstates.io/images/congress/original/C001057.jpg,male,Q706661,Q29468,Q1527
803a8d02-667c-423e-b735-b4d1bddf2e00,Olympia J. Snowe,"Snowe, Olympia",,,,Republican,republican,ocd-division/country:us/state:me,Maine,Senate,110,,,https://theunitedstates.io/images/congress/original/S000663.jpg,female,Q22290,Q29468,Q724
2ca9f594-5208-497b-99f4-a9d94e15086a,Orrin G. Hatch,"Hatch, Orrin",,SenOrrinHatch,senatororrinhatch,Republican,republican,ocd-division/country:us/state:ut,Utah,Senate,110,,,https://theunitedstates.io/images/congress/original/H000338.jpg,male,Q381157,Q29468,Q829
84d74610-583d-496e-926d-6a04bb50d04f,Pat Roberts,"Roberts, Pat",,SenPatRoberts,SenPatRoberts,Republican,republican,ocd-division/country:us/state:ks,Kansas,Senate,110,,,https://theunitedstates.io/images/congress/original/R000307.jpg,male,Q538375,Q29468,Q1558
79c66dfb-dd5e-420b-9229-fed2c8d1c2c7,Patrick J. Leahy,"Leahy, Patrick",,SenatorLeahy,SenatorPatrickLeahy,Democrat,democrat,ocd-division/country:us/state:vt,Vermont,Senate,110,,,https://theunitedstates.io/images/congress/original/L000174.jpg,male,Q59315,Q29552,Q16551
ac875fb4-afbc-4465-a064-bdbe17a92743,Patty Murray,"Murray, Patty",,PattyMurray,,Democrat,democrat,ocd-division/country:us/state:wa,Washington,Senate,110,,,https://theunitedstates.io/images/congress/original/M001111.jpg,female,Q258825,Q29552,Q1223
35755695-fce9-4a16-89f7-a606ef3d5e14,Pete Domenici,"Domenici, Pete",,,,Republican,republican,ocd-division/country:us/state:nm,New Mexico,Senate,110,,,https://theunitedstates.io/images/congress/original/D000407.jpg,male,Q964959,Q29468,Q1522
e55dfe24-a4e6-4236-b9d3-a7089c6d9f3a,Richard Burr,"Burr, Richard",,SenatorBurr,SenatorRichardBurr,Republican,republican,ocd-division/country:us/state:nc,North Carolina,Senate,110,,,https://theunitedstates.io/images/congress/original/B001135.jpg,male,Q331278,Q29468,Q1454
ee9a99d0-5d9a-4672-94bc-6cf132fd897d,Richard C. Shelby,"Shelby, Richard",,SenShelby,RichardShelby,Republican,republican,ocd-division/country:us/state:al,Alabama,Senate,110,,,https://theunitedstates.io/images/congress/original/S000320.jpg,male,Q472254,Q29468,Q173
e1824ab6-1edd-4010-bfb8-d8749bc91f08,Richard G. Lugar,"Lugar, Richard",,senatorlugar,,Republican,republican,ocd-division/country:us/state:in,Indiana,Senate,110,,,https://theunitedstates.io/images/congress/original/L000504.jpg,male,Q363079,Q29468,Q1415
8fe0ac60-6e0c-4323-80d2-873dec9c5c51,Richard J. Durbin,"Durbin, Richard",,SenatorDurbin,SenatorDurbin,Democrat,democrat,ocd-division/country:us/state:il,Illinois,Senate,110,,,https://theunitedstates.io/images/congress/original/D000563.jpg,male,Q434804,Q29552,Q1204
e980b6c2-9848-4557-972c-81ccbcd7df8d,Robert Bennett,"Bennett, Robert",,,,Republican,republican,ocd-division/country:us/state:ut,Utah,Senate,110,,,https://theunitedstates.io/images/congress/original/B000382.jpg,male,Q715787,Q29468,Q829
a3fc3f3e-fa17-4aff-badf-9dc06a484ddf,Robert Byrd,"Byrd, Robert",,,,Democrat,democrat,ocd-division/country:us/state:wv,West Virginia,Senate,110,,,https://theunitedstates.io/images/congress/original/B001210.jpg,male,Q276524,Q29552,Q1371
c6c4fcd9-7666-4e2b-a0d9-8ecee4614c03,Robert Menendez,"Menendez, Robert",,SenatorMenendez,senatormenendez,Democrat,democrat,ocd-division/country:us/state:nj,New Jersey,Senate,110,,,https://theunitedstates.io/images/congress/original/M000639.jpg,male,Q888132,Q29552,Q1408
e66bf2a4-9889-43a1-94d2-1c9784bb9f03,"Robert P. Casey, Jr.","Casey, Robert",,SenBobCasey,SenatorBobCasey,Democrat,democrat,ocd-division/country:us/state:pa,Pennsylvania,Senate,110,,,https://theunitedstates.io/images/congress/original/C001070.jpg,male,Q887841,Q29552,Q1400
4b344da0-2dbc-4531-8821-fc44686a9838,Roger F. Wicker,"Wicker, Roger",,SenatorWicker,SenatorWicker,Republican,republican,ocd-division/country:us/state:ms,Mississippi,Senate,110,2007-12-31,,https://theunitedstates.io/images/congress/original/W000437.jpg,male,Q390491,Q29468,Q1494
18453878-635a-49ca-bd61-48dafe7c7b73,Ron Wyden,"Wyden, Ron",,RonWyden,,Democrat,democrat,ocd-division/country:us/state:or,Oregon,Senate,110,,,https://theunitedstates.io/images/congress/original/W000779.jpg,male,Q529344,Q29552,Q824
b7924c39-ccc1-4a68-9601-81cfa2fa9db8,Russell Feingold,"Feingold, Russell",,russfeingold,,Democrat,democrat,ocd-division/country:us/state:wi,Wisconsin,Senate,110,,,https://theunitedstates.io/images/congress/original/F000061.jpg,male,Q356475,Q29552,Q1537
68842a92-83dc-44cf-a126-71495f200d1b,Sam Brownback,"Brownback, Samuel",,,,Republican,republican,ocd-division/country:us/state:ks,Kansas,Senate,110,,,https://theunitedstates.io/images/congress/original/B000953.jpg,male,Q317618,Q29468,Q1558
f5a1a96c-ed55-46ac-a4e9-189f8958d414,Saxby Chambliss,"Chambliss, Saxby",,,,Republican,republican,ocd-division/country:us/state:ga,Georgia,Senate,110,,,https://theunitedstates.io/images/congress/original/C000286.jpg,male,Q734330,Q29468,Q1428
3a32dd50-68cd-4a0a-b376-ffbc66588fb8,Sheldon Whitehouse,"Whitehouse, Sheldon",,SenWhitehouse,SenatorWhitehouse,Democrat,democrat,ocd-division/country:us/state:ri,Rhode Island,Senate,110,,,https://theunitedstates.io/images/congress/original/W000802.jpg,male,Q652066,Q29552,Q1387
bbfd2081-1c8b-40ce-874a-4163a66c453e,Sherrod Brown,"Brown, Sherrod",,SenSherrodBrown,SenatorSherrodBrown,Democrat,democrat,ocd-division/country:us/state:oh,Ohio,Senate,110,,,https://theunitedstates.io/images/congress/original/B000944.jpg,male,Q381880,Q29552,Q1397
c7d3d316-578d-4bb1-91b5-dbf1d881a4e4,Susan M. Collins,"Collins, Susan",,SenatorCollins,susancollins,Republican,republican,ocd-division/country:us/state:me,Maine,Senate,110,,,https://theunitedstates.io/images/congress/original/C001035.jpg,female,Q22279,Q29468,Q724
6bf81eb3-7cf8-4c78-ad48-04662346172b,Ted Kennedy,"Kennedy, Edward",,,,Democrat,democrat,ocd-division/country:us/state:ma,Massachusetts,Senate,110,,,https://theunitedstates.io/images/congress/original/K000105.jpg,male,Q134549,Q29552,Q771
9eb1f604-7ac5-462a-9fa6-3242deaffb78,Ted Stevens,"Stevens, Ted",,,,Republican,republican,ocd-division/country:us/state:ak,Alaska,Senate,110,,,https://theunitedstates.io/images/congress/original/S000888.jpg,male,Q50599,Q29468,Q797
c3467b48-1f1b-4d79-8af6-e903641e897a,Thad Cochran,"Cochran, Thad",,SenThadCochran,,Republican,republican,ocd-division/country:us/state:ms,Mississippi,Senate,110,,,https://theunitedstates.io/images/congress/original/C000567.jpg,male,Q723896,Q29468,Q1494
6bd1b1b1-2368-4676-a192-d271a2cf8a35,Thomas R. Carper,"Carper, Thomas",,SenatorCarper,tomcarper,Democrat,democrat,ocd-division/country:us/state:de,Delaware,Senate,110,,,https://theunitedstates.io/images/congress/original/C000174.jpg,male,Q457432,Q29552,Q1393
a7c1cf37-baa2-47e5-bd09-7f95cc89a9c8,Tim Johnson,"Johnson, Tim",,,,Democrat,democrat,ocd-division/country:us/state:sd,South Dakota,Senate,110,,,https://theunitedstates.io/images/congress/original/J000177.jpg,male,Q925052,Q29552,Q1211
a53a75b3-d5c1-4b37-926f-225e112d970c,Tom Coburn,"Coburn, Thomas",,,,Republican,republican,ocd-division/country:us/state:ok,Oklahoma,Senate,110,,,https://theunitedstates.io/images/congress/original/C000560.jpg,male,Q509093,Q29468,Q1649
3167b02c-eb06-4003-861f-0515abe71846,Tom Harkin,"Harkin, Thomas",,,,Democrat,democrat,ocd-division/country:us/state:ia,Iowa,Senate,110,,,https://theunitedstates.io/images/congress/original/H000206.jpg,male,Q465617,Q29552,Q1546
2dda16f2-4aed-4b81-8d46-dbfb2abfc194,Trent Lott,"Lott, Trent",,,,Republican,republican,ocd-division/country:us/state:ms,Mississippi,Senate,110,,2007-12-18,https://theunitedstates.io/images/congress/original/L000447.jpg,male,Q50608,Q29468,Q1494
b18d575d-7d93-41d1-89ea-a2fc77ed8d7a,Wayne Allard,"Allard, Wayne",,,,Republican,republican,ocd-division/country:us/state:co,Colorado,Senate,110,,,https://theunitedstates.io/images/congress/original/A000109.jpg,male,Q724250,Q29468,Q1261
